<?xml version="1.0" encoding="utf-8"?>
<odoo>
    <record id="purchase_request_group" model="res.groups">
        <field name="name">Purchase Request</field>
        <field name="category_id" ref="base.module_category_operations_purchase"/>
        <field name="users" eval="[(4, ref('base.user_root')), (4, ref('base.user_admin'))]"/>
    </record>
    <record id="purchase.group_purchase_user" model="res.groups">
        <field name="name">User</field>
        <field name="implied_ids" eval="[(4, ref('boraq_purchase_request.purchase_request_group'))]"/>
        <field name="category_id" ref="base.module_category_operations_purchase"/>
    </record>
    <record id="purchase.menu_purchase_root" model="ir.ui.menu">
        <field name="groups_id" eval="[(4, ref('boraq_purchase_request.purchase_request_group'))]"/>
    </record>
    <record id="purchase.menu_purchase_rfq" model="ir.ui.menu">
        <field name="groups_id" eval="[(4, ref('purchase.group_purchase_user'))]"/>
    </record>
    <record id="purchase.menu_purchase_form_action" model="ir.ui.menu">
        <field name="groups_id" eval="[(4, ref('purchase.group_purchase_user'))]"/>
    </record>
    <record id="purchase.menu_procurement_management_supplier_name" model="ir.ui.menu">
        <field name="groups_id" eval="[(4, ref('purchase.group_purchase_user'))]"/>
    </record>
    <record id="purchase.menu_purchase_products" model="ir.ui.menu">
        <field name="groups_id" eval="[(4, ref('purchase.group_purchase_user'))]"/>
    </record>
    <record model="ir.rule" id="purchase_requester_rule">
        <field name="name">Purchase requester rule</field>
        <field name="model_id" ref="model_purchase_requester"/>
        <field name="groups" eval="[(4, ref('boraq_purchase_request.purchase_request_group'))]"/>
        <field name="domain_force">[('create_uid','=',user.id)]</field>
    </record>
    <record model="ir.rule" id="purchase_request_admin_rule">
        <field name="name">Purchase requester rule for admin</field>
        <field name="model_id" ref="model_purchase_requester"/>
        <field name="groups" eval="[(4, ref('purchase.group_purchase_manager'))]"/>
        <field name="domain_force">[('approver_id','=',user.id)]</field>
    </record>
</odoo>