<?xml version="1.0" encoding="utf-8"?>
<odoo>

	<record id="hr_payslip_run_cron" model="ir.cron"  >
        <field name="name">Generate Payslip Batches &amp; Payslips</field>
        <field name="model_id" ref="model_hr_payslip_run"/>        
        <field name="state">code</field>
        <field name="code">model._cron_generate_batches_generate_payslips()</field>
        <field name="interval_number">1</field>
        <field name="interval_type">months</field>
        <field name="numbercall">-1</field>
        <field name="doall" eval="False"/>
        <field name="active" eval="False" />
       
    </record>

    
    <record id="payslip_mail_template" model="mail.template">
            <field name="name">Payslip Email Template</field>
            <field name="email_from">${user.email|safe}</field>
            <field name="subject">${object.name}</field>
            <field name="email_to">${ctx['email_to']|safe}</field>
            <field name="reply_to">${user.email|safe}</field>
            <field name="model_id" ref="om_hr_payroll.model_hr_payslip"/>
            <field name="auto_delete" eval="True"/>
            <field name="lang">${user.lang}</field>
            <field name="report_template" ref="om_hr_payroll.action_report_payslip"/>
            <field name="report_name">Salary Slip of ${object.employee_id.name}</field>
            <field name="body_html"><![CDATA[
<p>Hello ${object.employee_id.name},</p>
<p>Your Payslip for the period ${ctx['start_date'] | safe} to ${ctx['end_date'] | safe} is attached.</p>
]]></field>
        </record>
        
</odoo>