<?xml version="1.0" encoding="utf-8"?>
<odoo>
    <data noupdate="1">
        <record id="mail_activity_data_email" model="mail.activity.type">
            <field name="name">Email</field>
            <field name="icon">fa-envelope</field>
            <field name="sequence">3</field>
        </record>
        <record id="mail_activity_data_call" model="mail.activity.type">
            <field name="name">Call</field>
            <field name="icon">fa-phone</field>
            <field name="delay_count">2</field>
            <field name="sequence">6</field>
        </record>
        <record id="mail_activity_data_meeting" model="mail.activity.type">
            <field name="name">Meeting</field>
            <field name="icon">fa-users</field>
            <field name="sequence">9</field>
        </record>
        <record id="mail_activity_data_todo" model="mail.activity.type">
            <field name="name">To Do</field>
            <field name="icon">fa-tasks</field>
            <field name="delay_count">5</field>
            <field name="sequence">12</field>
        </record>
        <record id="mail_activity_data_upload_document" model="mail.activity.type">
            <field name="name">Upload Document</field>
            <field name="icon">fa-upload</field>
            <field name="delay_count">5</field>
            <field name="sequence">25</field>
            <field name="category">upload_file</field>
        </record>
        <record id="mail_activity_data_warning" model="mail.activity.type">
            <field name="name">Exception</field>
            <field name="icon">fa-warning</field>
            <field name="delay_count">0</field>
            <field name="sequence">99</field>
            <field name="decoration_type">warning</field>
        </record>
    </data>
</odoo>
