"id","name","model_id:id","group_id:id","perm_read","perm_write","perm_create","perm_unlink"
"access_res_partner_department_public","res_partner_department group_public","model_res_partner_department","base.group_public",1,0,0,0
"access_res_partner_department_portal","res_partner_department group_portal","model_res_partner_department","base.group_portal",1,0,0,0
"access_res_partner_department_group_partner_manager","res_partner_department group_partner_manager","model_res_partner_department","base.group_partner_manager",1,1,1,1
"access_res_partner_department_group_user","res_partner_department group_user","model_res_partner_department","base.group_user",1,0,0,0
