<odoo>
	<record id="public_holidays_email_template" model="mail.template">
		<field name="name">Public Holidays</field>
		<field name="subject">Public Holidays Announcement</field>
		<field name="model_id" ref="sky_public_holidays.model_hr_public_holidays"/>
		<field name="report_template" ref="sky_public_holidays.report_public_holidays_qweb"/>
		<field name="auto_delete" eval="True" />
		<field name="user_signature" eval="True" />
		<field name="report_name">Public Holidays List</field>
		<field name="body_html"><![CDATA[
		<div style="font-family: 'Lucica Grande', Ubuntu, Arial, Verdana, sans-serif; font-size: 12px; color: rgb(34, 34, 34);">
		<p>Dear Employee,</p>
		<div style="width: 900px; margin: 0px; padding: 5px 14px; line-height: 16px;">
		<span style="color: #222; margin-bottom: 5px; display: block; ">
		<p> We are glad to inform you the holidays of the year <strong>${object.year}</strong>.<br />
		Please find Public holidays for this year in attachment. <br />
		</p>
		</span>
		</div>
		</div>
		]]>
		</field>
	</record>
</odoo>